Date,Raw Knights Landing RST
2022-10-15,0
2022-10-16,0
2022-10-17,0
2022-10-18,0
2022-10-19,0
2022-10-20,0
2022-10-21,0
2022-10-22,0
2022-10-23,0
2022-10-24,0
2022-10-25,0
2022-10-26,0
2022-10-27,0
2022-10-28,0
2022-10-29,0
2022-10-30,0
2022-10-31,0
2022-11-01,0
2022-11-02,0
2022-11-03,0
2022-11-04,0
2022-11-05,0
2022-11-06,
2022-11-07,
2022-11-08,
2022-11-09,
2022-11-10,
2022-11-11,
2022-11-12,
2022-11-13,
2022-11-14,
2022-11-15,0
2022-11-16,0
2022-11-17,0
2022-11-18,0
2022-11-19,0
2022-11-20,0
2022-11-21,0
2022-11-22,0
2022-11-23,0
2022-11-24,
2022-11-25,
2022-11-26,0
2022-11-27,0
2022-11-28,0
2022-11-29,0
2022-11-30,0
2022-12-01,0
2022-12-02,
2022-12-03,0
2022-12-04,0
2022-12-05,0
2022-12-06,
2022-12-07,
2022-12-08,
2022-12-09,
2022-12-10,
2022-12-11,
2022-12-12,
2022-12-13,2
2022-12-14,
2022-12-15,9
2022-12-16,13
2022-12-17,7
2022-12-18,0
2022-12-19,0
2022-12-20,0
2022-12-21,0
2022-12-22,0
2022-12-23,0
2022-12-24,0
2022-12-25,
2022-12-26,
2022-12-27,0
2022-12-28,0
2022-12-29,0
2022-12-30,4
2022-12-31,
2023-01-01,28
2023-01-02,
2023-01-03,3
2023-01-04,0
2023-01-05,0
2023-01-06,
2023-01-07,4
2023-01-08,0
2023-01-09,0
2023-01-10,1
2023-01-11,0
2023-01-12,3
2023-01-13,0
2023-01-14,2
2023-01-15,5
2023-01-16,0
2023-01-17,0
2023-01-18,1
2023-01-19,1
2023-01-20,4
2023-01-21,
2023-01-22,
2023-01-23,
2023-01-24,
2023-01-25,
2023-01-26,0
2023-01-27,1
2023-01-28,4
2023-01-29,0
2023-01-30,0
2023-01-31,0
2023-02-01,0
2023-02-02,0
2023-02-03,0
2023-02-04,0
2023-02-05,0
2023-02-06,0
2023-02-07,0
2023-02-08,2
2023-02-09,1
2023-02-10,0
2023-02-11,1
2023-02-12,0
2023-02-13,1
2023-02-14,0
2023-02-15,1
2023-02-16,0
2023-02-17,1
2023-02-18,0
2023-02-19,0
2023-02-20,0
2023-02-21,0
2023-02-22,0
2023-02-23,0
2023-02-24,0
2023-02-25,0
2023-02-26,0
2023-02-27,0
2023-02-28,0
2023-03-01,0
2023-03-02,1
2023-03-03,1
2023-03-04,0
2023-03-05,0
2023-03-06,0
2023-03-07,1
2023-03-08,2
2023-03-09,0
2023-03-10,0
2023-03-11,0
2023-03-12,0
2023-03-13,0
2023-03-14,1
2023-03-15,0
2023-03-16,0
2023-03-17,0
2023-03-18,0
2023-03-19,0
2023-03-20,0
2023-03-21,1
2023-03-22,1
2023-03-23,0
2023-03-24,0
2023-03-25,0
2023-03-26,0
2023-03-27,1
2023-03-28,0
2023-03-29,0
2023-03-30,0
2023-03-31,0
2023-04-01,0
2023-04-02,0
2023-04-03,0
2023-04-04,0
2023-04-05,0
2023-04-06,0
2023-04-07,1
2023-04-08,0
2023-04-09,0
2023-04-10,0
2023-04-11,0
2023-04-12,0
2023-04-13,0
2023-04-14,0
2023-04-15,0
2023-04-16,0
2023-04-17,0
2023-04-18,0
2023-04-19,0
2023-04-20,0
2023-04-21,0
2023-04-22,0
2023-04-23,0
2023-04-24,0
2023-04-25,0
2023-04-26,0
2023-04-27,0
2023-04-28,0
2023-04-29,0
2023-04-30,0
2023-05-01,0
2023-05-02,0
2023-05-03,0
2023-05-04,0
2023-05-05,0
2023-05-06,0
2023-05-07,0
2023-05-08,0
2023-05-09,0
2023-05-10,0
2023-05-11,0
2023-05-12,0
2023-05-13,0
2023-05-14,0
2023-05-15,0
2023-05-16,0
2023-05-17,0
2023-05-18,0
2023-05-19,0
2023-05-20,0
2023-05-21,0
2023-05-22,0
2023-05-23,0
2023-05-24,0
2023-05-25,0
2023-05-26,0
2023-05-27,0
2023-05-28,0
2023-05-29,0
2023-05-30,0
2023-05-31,0
2023-06-01,0
2023-06-02,0
2023-06-03,0
2023-06-04,0
2023-06-05,0
2023-06-06,0
2023-06-07,0
2023-06-08,0
2023-06-09,0
2023-06-10,0
2023-06-11,0
2023-06-12,0
2023-06-13,0
2023-06-14,0

Notes:
Generated 06 Jul 2023 10:37:05 PDT. Cohort Juvenile Monitoring www.cbr.washington.edu/sacramento/data/query_sampling_graph.html.
Based on Daily Sampling. Preliminary data from CDFW via StreamNet.
Data Disclaimer: Please note these data are preliminary and are subject to revision and correction.
"Citation. Columbia Basin Research, University of Washington. (2023). SacPAS Cohort Juvenile Monitoring. Available from www.cbr.washington.edu/sacramento/data/query_sampling_graph.html."
