Date,Raw Tisdale Weir RST,Raw Knights Landing RST,Raw Lower Feather RST,Raw Lower Sacramento RST,Raw Sacramento Beach Seines (SR080E SR071E SR062E SR057E SR055E SR060E AM001S SR049E),Samples Sacramento Beach Seines (SR080E SR071E SR062E SR057E SR055E SR060E AM001S SR049E),Raw Sacramento Trawls (SR055M SR055E SR055W SR055X),Samples Sacramento Trawls (SR055M SR055E SR055W SR055X),Raw Chipps Island Trawls (SB018M SB018N SB018S SB018X),Samples Chipps Island Trawls (SB018M SB018N SB018S SB018X)
2022-07-01,,,,,0,3,,,,
2022-07-02,,,,,,,,,,
2022-07-03,,,,,,,,,,
2022-07-04,,,,,,,,,,
2022-07-05,,,,,0,2,0,10,0,10
2022-07-06,,,,,,,0,10,0,10
2022-07-07,,,,,0,3,,,,
2022-07-08,,,,,,,0,10,0,10
2022-07-09,,,,,,,,,,
2022-07-10,,,,,,,,,,
2022-07-11,,,,,,,0,10,0,10
2022-07-12,,,,,0,3,,,,
2022-07-13,,,,,,,0,10,0,10
2022-07-14,,,,,0,2,,,,
2022-07-15,,,,,,,0,10,0,10
2022-07-16,,,,,,,,,,
2022-07-17,,,,,,,,,,
2022-07-18,,,,,,,0,10,0,10
2022-07-19,,,,,0,2,,,,
2022-07-20,,,,,0,3,0,10,0,10
2022-07-21,,,,,,,,,,
2022-07-22,,,,,,,0,10,0,10
2022-07-23,,,,,,,,,,
2022-07-24,,,,,,,,,,
2022-07-25,,,,,,,0,10,0,10
2022-07-26,,,,,,,,,,
2022-07-27,,,,,0,3,0,10,0,10
2022-07-28,,,,,0,3,,,,
2022-07-29,,,,,,,0,10,0,11
2022-07-30,,,,,,,,,,
2022-07-31,,,,,,,,,,
2022-08-01,,,,,,,0,10,0,10
2022-08-02,,,,,0,3,,,,
2022-08-03,,,,,,,0,10,0,10
2022-08-04,,,,,0,2,,,,
2022-08-05,,,,,,,0,10,0,10
2022-08-06,,,,,,,,,,
2022-08-07,,,,,,,,,,
2022-08-08,,,,,,,0,10,,
2022-08-09,,,,,0,2,,,0,10
2022-08-10,,,,,,,0,10,0,10
2022-08-11,,,,,0,3,,,,
2022-08-12,,,,,,,0,11,0,10
2022-08-13,,,,,,,,,,
2022-08-14,,,,,,,,,,
2022-08-15,,,,,,,0,10,0,10
2022-08-16,,,,,0,2,,,,
2022-08-17,,,,,,,0,10,0,10
2022-08-18,,,,,0,3,,,,
2022-08-19,,,,,,,0,10,0,10
2022-08-20,,,,,,,,,,
2022-08-21,,,,,,,,,,
2022-08-22,,,,,,,0,10,0,11
2022-08-23,,,,,0,2,,,,
2022-08-24,,,,,,,0,10,0,10
2022-08-25,,,,,0,3,,,,
2022-08-26,,,,,,,0,10,0,10
2022-08-27,,,,,,,,,,
2022-08-28,,,,,,,,,,
2022-08-29,,,,,,,0,10,0,10
2022-08-30,,,,,0,3,,,,
2022-08-31,,,,,0,2,0,10,0,10
2022-09-01,,,,,,,,,,
2022-09-02,,,,,,,0,10,0,10
2022-09-03,,,,,,,,,,
2022-09-04,,,,,,,,,,
2022-09-05,,,,,,,,,,
2022-09-06,,,,,,,0,10,0,10
2022-09-07,,,,,,,0,10,0,10
2022-09-08,,,,,0,3,,,,
2022-09-09,,,,,0,2,0,10,0,10
2022-09-10,,,,,,,,,,
2022-09-11,,,,,,,,,,
2022-09-12,,,,,,,,,,
2022-09-13,,,,,,,,,,
2022-09-14,,,,,,,,,,
2022-09-15,,,,,,,,,,
2022-09-16,,,,,,,,,,
2022-09-17,,,,,,,,,,
2022-09-18,,,,,,,,,,
2022-09-19,,,,,,,0,8,,
2022-09-20,0,,,,,,,,0,10
2022-09-21,0,,,,0,2,0,10,0,10
2022-09-22,0,,,,,,,,,
2022-09-23,0,,,,0,4,0,10,0,11
2022-09-24,0,,,,,,,,,
2022-09-25,0,,,,,,,,,
2022-09-26,0,,,,,,0,10,0,10
2022-09-27,0,,,,,,,,,
2022-09-28,0,,,,,,0,10,0,10
2022-09-29,0,,,,0,2,,,,
2022-09-30,0,,,,0,4,0,10,0,10
2022-10-01,0,,,,,,,,,
2022-10-02,0,,,,,,,,,
2022-10-03,0,,,,0,8,0,10,0,10
2022-10-04,2,,,,,,,,,
2022-10-05,0,,,,0,8,0,10,0,10
2022-10-06,0,,,,0,8,,,,
2022-10-07,0,,,,0,8,0,10,0,10
2022-10-08,0,,,,,,,,,
2022-10-09,0,,,,,,,,,
2022-10-10,0,,,,,,,,,
2022-10-11,0,,,0,0,8,0,10,0,10
2022-10-12,0,,,0,0,8,0,10,0,10
2022-10-13,1,,,0,,,,,,
2022-10-14,0,,,0,0,8,0,10,0,10
2022-10-15,0,0,,0,,,,,,
2022-10-16,0,0,,0,,,,,,
2022-10-17,0,0,0,0,0,8,0,10,0,10
2022-10-18,0,0,0,0,,,,,,
2022-10-19,0,0,0,0,,,0,10,0,10
2022-10-20,0,0,0,0,,,,,,
2022-10-21,0,0,0,0,0,8,0,10,0,10
2022-10-22,0,0,,0,,,,,,
2022-10-23,0,0,,0,,,,,,
2022-10-24,0,0,0,0,0,8,,,0,10
2022-10-25,0,0,0,0,,,0,10,,
2022-10-26,0,0,0,0,0,8,0,10,0,10
2022-10-27,0,0,0,0,,,0,7,,
2022-10-28,0,0,0,0,0,8,0,10,0,10
2022-10-29,0,0,0,0,,,,,,
2022-10-30,0,0,0,0,,,,,,
2022-10-31,0,0,0,0,0,8,0,10,0,10
2022-11-01,0,0,0,0,,,,,,
2022-11-02,0,0,0,0,0,2,0,10,0,10
2022-11-03,0,0,0,0,,,,,,
2022-11-04,0,0,0,0,0,8,0,10,0,10
2022-11-05,0,0,0,0,,,,,,
2022-11-06,0,,0,0,,,,,,
2022-11-07,0,,0,0,0,8,0,8,0,10
2022-11-08,0,,0,0,,,0,10,,
2022-11-09,0,,0,0,0,7,0,10,,
2022-11-10,0,,0,,0,7,,,0,10
2022-11-11,0,,0,,,,,,,
2022-11-12,0,,0,,,,,,,
2022-11-13,0,,0,,,,,,,
2022-11-14,0,,0,,0,8,0,10,0,10
2022-11-15,0,,0,0,,,,,,
2022-11-16,0,0,0,0,0,8,0,10,0,10
2022-11-17,0,0,0,0,,,,,,
2022-11-18,0,0,0,0,0,8,0,10,0,10
2022-11-19,0,0,0,0,,,,,,
2022-11-20,0,0,0,0,,,,,,
2022-11-21,0,0,0,0,0,7,0,10,0,10
2022-11-22,0,0,0,0,,,0,10,0,10
2022-11-23,0,0,0,0,0,8,0,10,0,10
2022-11-24,0,,0,,,,,,,
2022-11-25,0,,0,,0,8,,,,
2022-11-26,0,0,0,0,,,,,,
2022-11-27,0,0,0,0,,,,,,
2022-11-28,0,0,0,0,0,8,0,10,0,10
2022-11-29,0,0,0,0,,,,,,
2022-11-30,0,0,0,0,0,8,0,10,0,10
2022-12-01,0,0,0,0,,,,,,
2022-12-02,0,,0,0,0,8,0,10,0,10
2022-12-03,0,0,0,0,,,,,,
2022-12-04,0,0,0,0,,,,,,
2022-12-05,0,0,0,0,0,8,0,10,0,10
2022-12-06,0,,0,0,,,,,,
2022-12-07,0,,0,0,0,8,0,10,0,10
2022-12-08,1,,0,0,,,,,,
2022-12-09,0,,0,0,0,8,0,10,0,10
2022-12-10,,,0,,,,,,,
2022-12-11,,,,,,,,,,
2022-12-12,,,,,0,8,0,10,0,10
2022-12-13,3,2,0,,,,,,0,10
2022-12-14,20,,0,,0,8,3,10,,
2022-12-15,4,9,0,1,0,8,1,10,0,10
2022-12-16,1,13,0,3,,,,,,
2022-12-17,9,7,0,0,,,,,,
2022-12-18,1,0,0,,,,,,,
2022-12-19,0,0,0,,0,7,0,10,0,10
2022-12-20,0,0,0,0,,,,,0,10
2022-12-21,0,0,0,0,0,8,0,10,,
2022-12-22,0,0,0,0,0,8,0,10,0,11
2022-12-23,0,0,0,1,,,,,,
2022-12-24,,0,,0,,,,,,
2022-12-25,,,,,,,,,,
2022-12-26,,,,,,,,,,
2022-12-27,0,0,0,0,2,8,0,10,0,10
2022-12-28,0,0,0,0,,,,,0,10
2022-12-29,0,0,0,0,2,8,0,10,,
2022-12-30,4,4,0,,,,0,10,0,10
2022-12-31,0,,2,,,,,,,
2023-01-01,,28,,,,,,,,
2023-01-02,,,,,,,,,,
2023-01-03,0,3,,,1,8,0,10,0,10
2023-01-04,0,0,0,,,,,,,
2023-01-05,3,0,,,,,0,10,0,10
2023-01-06,,,,,,,0,10,0,10
2023-01-07,,4,,,,,,,,
2023-01-08,,0,,,,,,,,
2023-01-09,13,0,,,0,8,0,10,0,10
2023-01-10,1,1,,,,,0,10,0,10
2023-01-11,1,0,0,,,,0,10,0,11
2023-01-12,0,3,0,,,,,,,
2023-01-13,0,0,,,,,0,10,,
2023-01-14,0,2,0,,,,,,,
2023-01-15,0,5,,,,,,,,
2023-01-16,0,0,1,,,,,,,
2023-01-17,0,0,0,,0,2,0,10,,
2023-01-18,1,1,2,,0,7,,,0,10
2023-01-19,0,1,0,,0,1,0,10,0,10
2023-01-20,0,4,1,,,,0,10,0,10
2023-01-21,2,,0,,,,,,,
2023-01-22,1,,0,,,,,,,
2023-01-23,,,0,,0,2,0,10,0,10
2023-01-24,1,,0,,,,,,,
2023-01-25,2,,0,,0,8,0,10,0,10
2023-01-26,1,0,0,,,,,,,
2023-01-27,2,1,0,,,,0,10,0,10
2023-01-28,1,4,0,,,,,,,
2023-01-29,0,0,0,,,,,,,
2023-01-30,0,0,0,,0,2,0,10,0,10
2023-01-31,2,0,0,0,,,,,,
2023-02-01,0,0,0,0,,,0,10,0,10
2023-02-02,0,0,0,1,0,3,,,,
2023-02-03,0,0,0,1,,,1,10,0,10
2023-02-04,2,0,0,0,,,,,,
2023-02-05,2,0,0,0,,,0,10,,
2023-02-06,0,0,0,0,,,0,10,0,10
2023-02-07,1,0,0,0,0,5,0,10,,
2023-02-08,0,2,0,0,,,,,0,10
2023-02-09,0,1,0,0,,,0,10,,
2023-02-10,0,0,0,0,,,0,10,0,10
2023-02-11,1,1,0,0,,,,,,
2023-02-12,0,0,0,0,,,1,10,0,10
2023-02-13,1,1,0,0,,,0,10,0,10
2023-02-14,0,0,0,0,0,2,0,10,0,10
2023-02-15,0,1,0,0,,,,,,
2023-02-16,2,0,0,0,0,3,0,10,0,10
2023-02-17,0,1,0,0,,,0,10,0,10
2023-02-18,0,0,0,0,,,,,,
2023-02-19,1,0,0,0,,,0,10,0,10
2023-02-20,0,0,0,0,,,,,,
2023-02-21,0,0,0,0,,,0,10,0,10
2023-02-22,0,0,0,0,0,5,0,10,0,10
2023-02-23,0,0,0,0,,,0,10,0,10
2023-02-24,0,0,0,0,,,0,10,0,10
2023-02-25,0,0,0,1,,,,,,
2023-02-26,0,0,0,0,,,0,10,0,10
2023-02-27,,0,0,0,,,0,10,0,10
2023-02-28,,0,0,0,0,2,0,10,0,10
2023-03-01,,0,0,0,,,,,,
2023-03-02,0,1,0,0,0,3,0,10,0,10
2023-03-03,0,1,0,0,,,0,10,0,10
2023-03-04,0,0,0,0,,,,,,
2023-03-05,0,0,0,0,,,1,10,1,10
2023-03-06,0,0,0,,,,1,10,0,10
2023-03-07,0,1,0,,,,0,10,0,11
2023-03-08,0,2,0,0,0,3,,,,
2023-03-09,0,0,0,0,0,2,0,10,1,10
2023-03-10,1,0,,,,,0,10,0,10
2023-03-11,,0,,,,,,,,
2023-03-12,,,,,,,1,10,0,10
2023-03-13,,,0,,0,2,0,10,0,10
2023-03-14,0,1,0,,,,,,,
2023-03-15,0,0,0,,,,0,10,3,10
2023-03-16,0,0,0,0,0,3,0,10,0,11
2023-03-17,0,0,0,0,,,0,10,0,10
2023-03-18,0,0,0,0,,,,,,
2023-03-19,,0,0,,,,0,10,2,10
2023-03-20,0,0,0,,0,2,0,10,1,10
2023-03-21,0,1,0,0,,,0,10,0,10
2023-03-22,0,1,0,0,,,,,,
2023-03-23,0,0,0,0,,,0,10,2,11
2023-03-24,0,0,0,0,0,3,1,10,0,10
2023-03-25,0,0,0,1,,,,,,
2023-03-26,,0,0,0,,,0,10,2,10
2023-03-27,,1,0,0,0,3,0,10,2,10
2023-03-28,0,0,0,0,0,2,0,10,3,10
2023-03-29,0,0,0,0,,,,,,
2023-03-30,0,0,0,1,,,1,10,1,10
2023-03-31,0,0,0,0,,,0,10,2,10
2023-04-01,0,0,0,0,,,,,,
2023-04-02,0,0,0,0,,,,,0,10
2023-04-03,0,0,0,0,,,0,10,0,10
2023-04-04,0,0,0,0,0,3,,,2,10
2023-04-05,0,0,0,0,0,2,0,10,,
2023-04-06,0,0,0,0,,,,,1,11
2023-04-07,0,1,0,0,,,1,10,3,10
2023-04-08,0,0,0,0,,,,,,
2023-04-09,0,0,0,0,,,,,,
2023-04-10,,0,0,0,,,1,10,,
2023-04-11,0,0,0,0,,,,,,
2023-04-12,0,0,0,0,0,3,1,10,,
2023-04-13,1,0,0,0,0,2,,,,
2023-04-14,0,0,0,0,,,3,10,,
2023-04-15,0,0,0,0,,,,,,
2023-04-16,0,0,0,0,,,,,,
2023-04-17,0,0,0,0,0,3,,,6,10
2023-04-18,0,0,0,0,,,0,10,2,10
2023-04-19,0,0,0,0,,,0,10,,
2023-04-20,0,0,0,0,,,,,2,10
2023-04-21,0,0,0,0,0,2,0,10,4,10
2023-04-22,0,0,0,0,,,,,,
2023-04-23,0,0,0,0,,,,,,
2023-04-24,0,0,0,0,0,1,0,10,1,10
2023-04-25,0,0,0,0,0,5,,,0,10
2023-04-26,0,0,0,0,,,0,10,,
2023-04-27,0,0,0,0,,,,,0,10
2023-04-28,0,0,0,0,,,0,10,,
2023-04-29,0,0,0,0,,,,,,
2023-04-30,,0,0,0,,,,,,
2023-05-01,0,0,0,0,0,2,0,10,2,10
2023-05-02,0,0,0,0,0,3,,,,
2023-05-03,0,0,0,0,,,0,10,0,10
2023-05-04,0,0,0,0,,,0,10,0,10
2023-05-05,1,0,0,0,,,,,,
2023-05-06,0,0,0,0,,,,,,
2023-05-07,0,0,0,0,,,,,,
2023-05-08,0,0,0,0,,,0,10,0,10
2023-05-09,0,0,0,0,,,,,,
2023-05-10,0,0,0,0,0,5,0,10,0,10
2023-05-11,0,0,0,0,,,,,,
2023-05-12,0,0,0,0,,,0,10,0,10
2023-05-13,0,0,0,0,,,,,,
2023-05-14,0,0,0,0,,,,,,
2023-05-15,0,0,0,0,0,2,0,10,0,10
2023-05-16,0,0,0,0,,,,,,
2023-05-17,0,0,0,0,0,3,0,10,,
2023-05-18,0,0,0,0,,,,,0,10
2023-05-19,0,0,0,0,,,0,10,0,10
2023-05-20,0,0,0,0,,,,,,
2023-05-21,0,0,0,,,,,,,
2023-05-22,0,0,0,,,,0,10,0,10
2023-05-23,0,0,0,0,0,2,,,,
2023-05-24,0,0,0,0,0,2,0,11,0,10
2023-05-25,0,0,0,0,,,,,,
2023-05-26,0,0,0,0,,,0,10,0,10
2023-05-27,0,0,0,0,,,,,,
2023-05-28,0,0,0,0,,,,,,
2023-05-29,0,0,0,0,,,,,,
2023-05-30,0,0,0,0,,,0,10,0,10
2023-05-31,0,0,0,0,0,2,,,0,10
2023-06-01,0,0,0,0,,,0,11,,
2023-06-02,0,0,0,0,0,3,0,10,0,10
2023-06-03,0,0,0,0,,,,,,
2023-06-04,0,0,0,0,,,,,,
2023-06-05,0,0,0,0,,,0,10,0,10
2023-06-06,0,0,0,0,0,2,,,0,10
2023-06-07,0,0,0,0,0,3,0,10,0,10
2023-06-08,0,0,0,0,,,,,,
2023-06-09,0,0,0,0,,,0,10,0,10
2023-06-10,0,0,0,0,,,,,,
2023-06-11,0,0,0,0,,,,,,
2023-06-12,,0,0,0,,,,,,
2023-06-13,,0,,,,,,,,
2023-06-14,,0,,,,,,,,

Notes:
Generated 15 Jun 2023 15:18:30 PDT. Cohort Juvenile Monitoring www.cbr.washington.edu/sacramento/data/query_sampling_graph.html.
KNL; TIS; LFR; LSR based on Daily Sampling. Preliminary data from CDFW via StreamNet. Beach Seines and Trawls preliminary data from USFWS Lodi.
Data Disclaimer: Please note these data are preliminary and are subject to revision and correction.
"Citation. Columbia Basin Research, University of Washington. (2023). SacPAS Cohort Juvenile Monitoring. Available from www.cbr.washington.edu/sacramento/data/query_sampling_graph.html."
